<annotation>
	<folder>image_red_1</folder>
	<filename>frame0031.jpg</filename>
	<path>D:\image_red_1\frame0031.jpg</path>
	<source>
		<database>Unknown</database>
	</source>
	<size>
		<width>1280</width>
		<height>574</height>
		<depth>3</depth>
	</size>
	<segmented>0</segmented>
	<object>
		<name>armor</name>
		<pose>Unspecified</pose>
		<truncated>0</truncated>
		<difficult>0</difficult>
		<bndbox>
			<xmin>569</xmin>
			<ymin>87</ymin>
			<xmax>604</xmax>
			<ymax>110</ymax>
		</bndbox>
	</object>
</annotation>
